{"amulet_collection":[0,2,3,5,8,10,11,12,13,14,15,16,7],"best_score":4968,"player_colors":{"coat_color":[1,0.0212275981903076,0.0212275981903076,1],"coat_shadow":[0.883319795131683,0.263553708791733,0.263553708791733,1],"coat_shadow2":[0.404507666826248,0.396270751953125,0.4140625,1],"ear_color":[0.190630733966827,0.0972549989819527,0.0882186368107796,1],"glasses_color":[0.239215686917305,0.501960813999176,0.639215707778931,1],"glasses_frame":[0.764705896377563,0.235294118523598,0.250980406999588,1],"glasses_light":[0.768627464771271,0.776470601558685,0.721568644046783,1],"hair_color":[0.103430032730103,1,0.996881246566772,1],"hair_shadow":[0.95141464471817,0.156502723693848,0.36387100815773,1],"hand_color":[0.447058826684952,0.694117665290833,0.490196079015732,1],"hand_color_shadow":[0.317647069692612,0.494117647409439,0.39215686917305,1],"mouth_color":[0.552941203117371,0.211764708161354,0.286274522542953,1],"pants_color":[0.184313729405403,0.298039227724075,0.423529416322708,1],"pants_light":[0.184313729405403,0.298039227724075,0.423529416322708,1],"pants_shadow":[0.117647059261799,0.192156866192818,0.294117659330368,1],"pocket_color":[0.411392211914063,0.457649230957031,0.50390625,1],"pocket_color2":[0.156862750649452,0.180392161011696,0.23137255012989,1],"shoes_color":[0.882352948188782,0.658823549747467,0.270588248968124,1],"shoes_light":[0.933333337306976,0.796078443527222,0.564705908298492,1],"shoes_shadow":[0.772549033164978,0.470588237047195,0.207843139767647,1],"skin_color":[0.0262638330459595,0.00592405628412962,0.0251765623688698,1],"skin_shadow":[0.0303842835128307,0.192978858947754,0.101519413292408,1],"tshirt_color":[0.447058826684952,0.694117665290833,0.490196079015732,1],"tshirt_shadow":[0.317647069692612,0.494117647409439,0.39215686917305,1]},"settings":{"fullscreen":false,"keybinds":{"use_amulet_1":"C","use_amulet_2":"V","use_amulet_3":"B","use_amulet_4":"N","use_amulet_5":"M"},"master_volume":0,"music_volume":52,"sfx_volume":79}}