{"amulet_collection":[0,2,3,4,5,6,8,9,10,11,12,13,14,15,16],"best_score":5073,"player_colors":{"coat_color":[0.835035681724548,0.838617920875549,0.913845062255859,1],"coat_shadow":[0.579934775829315,0.586376786231995,0.625028967857361,1],"coat_shadow2":[0.513725519180298,0.211764708161354,0.270588248968124,1],"ear_color":[0.787047743797302,0.558508455753326,0.417868793010712,1],"glasses_color":[0.431372553110123,0.396078437566757,0.384313732385635,1],"glasses_frame":[1,1,1,1],"glasses_light":[0.78515625,0.78515625,0.78515625,1],"hair_color":[0.40234375,0.302763700485229,0.19488525390625,1],"hair_shadow":[0.542845487594604,0.454755395650864,0.313712954521179,1],"hand_color":[0.796078443527222,0.678431391716003,0.549019634723663,1],"hand_color_shadow":[0.647058844566345,0.529411792755127,0.403921574354172,1],"mouth_color":[0.666666686534882,0.400000005960464,0.39215686917305,1],"pants_color":[0,0,0,1],"pants_light":[0,0,0,1],"pants_shadow":[0,0,0,1],"pocket_color":[0.513725519180298,0.211764708161354,0.270588248968124,1],"pocket_color2":[0.264523386955261,0.264523386955261,0.264523386955261,1],"shoes_color":[0,0,0,1],"shoes_light":[0,0,0,1],"shoes_shadow":[0,0,0,1],"skin_color":[0.796875,0.678082823753357,0.55096435546875,1],"skin_shadow":[0.6484375,0.531438946723938,0.402740478515625,1],"tshirt_color":[0.375628173351288,0.470795542001724,0.850446403026581,1],"tshirt_shadow":[0.321880370378494,0.398160248994827,0.655554234981537,1]},"settings":{"fullscreen":false,"master_volume":84,"music_volume":100,"sfx_volume":100}}