{"amulet_collection":[10,11,15],"best_score":2720,"player_colors":{"coat_color":[0.3046875,0.09521484375,0.09521484375,1],"coat_shadow":[0.450980395078659,0.149019613862038,0.163174048066139,1],"coat_shadow2":[0.102996826171875,0.138675481081009,0.17578125,1],"ear_color":[1,1,1,1],"glasses_color":[0.0139820575714111,0.01953125,0.005035400390625,1],"glasses_frame":[0.30588236451149,0.0941176488995552,0.0941176488995552,1],"glasses_light":[0.706107616424561,0.73828125,0.591201782226563,1],"hair_color":[0.268410801887512,0.265533447265625,0.30078125,1],"hair_shadow":[0.078125,0.0554275512695313,0.04180908203125,1],"hand_color":[0.866666674613953,0.890196084976196,0.933333337306976,1],"hand_color_shadow":[0.662745118141174,0.662745118141174,0.662745118141174,1],"mouth_color":[0.48828125,0.219345092773438,0.219345092773438,1],"pants_color":[0.200000002980232,0.200000002980232,0.200000002980232,1],"pants_light":[0.1484375,0.144378662109375,0.144378662109375,1],"pants_shadow":[0.100000001490116,0.100000001490116,0.100000001490116,1],"pocket_color":[0.0431372560560703,0.200000002980232,0.356862753629684,1],"pocket_color2":[0.260650634765625,0.272903442382813,0.28515625,1],"shoes_color":[0.819607853889465,0.552941203117371,0.0392156876623631,1],"shoes_light":[0.819607853889465,0.552941203117371,0.0392156876623631,1],"shoes_shadow":[0.8203125,0.551548004150391,0.0384521484375,1],"skin_color":[0.341176480054855,0.643137276172638,0.772549033164978,1],"skin_shadow":[0.662745118141174,0.662745118141174,0.662745118141174,1],"tshirt_color":[0.240694522857666,0.160003021359444,0.160003021359444,1],"tshirt_shadow":[0.132681965827942,0.0939152538776398,0.0939152538776398,1]},"settings":{"fullscreen":false,"master_volume":0,"music_volume":100,"sfx_volume":100}}