{"amulet_collection":[0,2,3,4,5,9,10,11,12,13,14,15,16],"best_score":5010,"player_colors":{"coat_color":[0.5859375,0.098419189453125,0.098419189453125,1],"coat_shadow":[0.450980395078659,0.149019613862038,0.163174048066139,1],"coat_shadow2":[0.06903076171875,0.109870471060276,0.15234375,1],"ear_color":[0.40625,0.3157958984375,0.362436294555664,1],"glasses_color":[0.0139820575714111,0.01953125,0.005035400390625,1],"glasses_frame":[0.463775634765625,0.21661376953125,0.7109375,1],"glasses_light":[0.706107616424561,0.73828125,0.591201782226563,1],"hair_color":[0.0909252166748047,0.07537841796875,0.1015625,1],"hair_shadow":[0.2265625,0.140827178955078,0.089385986328125,1],"hand_color":[0.474509805440903,0.737254917621613,0.505882382392883,1],"hand_color_shadow":[0.341176480054855,0.517647087574005,0.360784322023392,1],"mouth_color":[0.48828125,0.219345092773438,0.219345092773438,1],"pants_color":[0.200000002980232,0.200000002980232,0.200000002980232,1],"pants_light":[0.1484375,0.144378662109375,0.144378662109375,1],"pants_shadow":[0.100000001490116,0.100000001490116,0.100000001490116,1],"pocket_color":[0.0430450439453125,0.199256896972656,0.35546875,1],"pocket_color2":[0.260650634765625,0.272903442382813,0.28515625,1],"shoes_color":[0.30859375,0.14811897277832,0.019287109375,1],"shoes_light":[0.671875,0.335972994565964,0.06561279296875,1],"shoes_shadow":[0.2734375,0.133774235844612,0.0213623046875,1],"skin_color":[0.474509805440903,0.737254917621613,0.505882382392883,1],"skin_shadow":[0.3409423828125,0.51953125,0.362266451120377,1],"tshirt_color":[1,1,1,1],"tshirt_shadow":[0.800000011920929,0.800000011920929,0.800000011920929,1]},"settings":{"master_volume":0,"music_volume":100,"sfx_volume":100}}