{"amulet_collection":[0,2,5,8,10,11,12,13,15],"best_score":4239,"player_colors":{"coat_color":[0.223529413342476,0.152941182255745,0.368627458810806,1],"coat_shadow":[0.360784322023392,0.227450981736183,0.43529412150383,1],"coat_shadow2":[0.494117647409439,0.396078437566757,0.607843160629272,1],"ear_color":[0.427450984716415,0.30588236451149,0.294117659330368,1],"glasses_color":[0.239215686917305,0.501960813999176,0.639215707778931,1],"glasses_frame":[0.764705896377563,0.235294118523598,0.250980406999588,1],"glasses_light":[0.768627464771271,0.776470601558685,0.721568644046783,1],"hair_color":[0.552941203117371,0.282352954149246,0.18823529779911,1],"hair_shadow":[0.235294118523598,0.14509804546833,0.168627455830574,1],"hand_color":[0.705882370471954,0.615686297416687,0.494117647409439,1],"hand_color_shadow":[0.52549022436142,0.439215689897537,0.400000005960464,1],"mouth_color":[0.552941203117371,0.211764708161354,0.286274522542953,1],"pants_color":[0.184313729405403,0.298039227724075,0.423529416322708,1],"pants_light":[0.184313729405403,0.298039227724075,0.423529416322708,1],"pants_shadow":[0.117647059261799,0.192156866192818,0.294117659330368,1],"pocket_color":[0.411392211914063,0.457649230957031,0.50390625,1],"pocket_color2":[0.156862750649452,0.180392161011696,0.23137255012989,1],"shoes_color":[0.882352948188782,0.658823549747467,0.270588248968124,1],"shoes_light":[0.933333337306976,0.796078443527222,0.564705908298492,1],"shoes_shadow":[0.772549033164978,0.470588237047195,0.207843139767647,1],"skin_color":[0.705882370471954,0.615686297416687,0.494117647409439,1],"skin_shadow":[0.52549022436142,0.439215689897537,0.400000005960464,1],"tshirt_color":[0.580392181873322,0.678431391716003,0.223529413342476,1],"tshirt_shadow":[0.372549027204514,0.443137258291245,0.196078434586525,1]},"settings":{"fullscreen":false,"master_volume":0,"music_volume":100,"sfx_volume":100}}