{"amulet_collection":[0,2,3,4,5,9,10,11,12,13,14,15,16],"best_score":5010,"player_colors":{"coat_color":[0.200000002980232,0.400000005960464,0.600000023841858,1],"coat_shadow":[0.150000005960464,0.300000011920929,0.449999988079071,1],"coat_shadow2":[0.100000001490116,0.200000002980232,0.300000011920929,1],"ear_color":[1,0.800000011920929,0.600000023841858,1],"glasses_color":[0,0,0,1],"glasses_frame":[0.100000001490116,0.100000001490116,0.100000001490116,1],"glasses_light":[1,1,1,1],"hair_color":[0.200000002980232,0.100000001490116,0.0500000007450581,1],"hair_shadow":[0.100000001490116,0.0500000007450581,0.0199999995529652,1],"pants_color":[0.200000002980232,0.200000002980232,0.200000002980232,1],"pants_light":[0.400000005960464,0.400000005960464,0.400000005960464,1],"pants_shadow":[0.100000001490116,0.100000001490116,0.100000001490116,1],"pocket_color":[0.200000002980232,0.400000005960464,0.600000023841858,1],"pocket_color2":[0.150000005960464,0.300000011920929,0.449999988079071,1],"shoes_color":[0.300000011920929,0.300000011920929,0.300000011920929,1],"shoes_light":[0.699999988079071,0.699999988079071,0.699999988079071,1],"shoes_shadow":[0.100000001490116,0.100000001490116,0.100000001490116,1],"skin_color":[0.734832763671875,0,0.77734375,1],"skin_shadow":[0.899999976158142,0.600000023841858,0.400000005960464,1],"tshirt_color":[1,1,1,1],"tshirt_shadow":[0.800000011920929,0.800000011920929,0.800000011920929,1]},"settings":{"master_volume":0,"music_volume":100,"sfx_volume":100}}
