{"amulet_collection":[2,3,4,5,7,10,11,13,14,15],"best_score":2994,"player_colors":{"coat_color":[0.200000002980232,0.400000005960464,0.600000023841858,1],"coat_shadow":[0.150000005960464,0.300000011920929,0.449999988079071,1],"coat_shadow2":[0.100000001490116,0.200000002980232,0.300000011920929,1],"ear_color":[1,0.484375,0.484375,1],"glasses_color":[0,0,0,1],"glasses_frame":[0.100000001490116,0.100000001490116,0.100000001490116,1],"glasses_light":[1,1,1,1],"hair_color":[0.200000002980232,0.100000001490116,0.0500000007450581,1],"hair_shadow":[0.100000001490116,0.0500000007450581,0.0199999995529652,1],"hand_color":[0.899999976158142,0.600000023841858,0.400000005960464,1],"hand_color_shadow":[0.899999976158142,0.600000023841858,0.400000005960464,1],"mouth_color":[0.73046875,0.211151123046875,0.211151123046875,1],"pants_color":[0.200000002980232,0.200000002980232,0.200000002980232,1],"pants_light":[0.400000005960464,0.400000005960464,0.400000005960464,1],"pants_shadow":[0.100000001490116,0.100000001490116,0.100000001490116,1],"pocket_color":[0.200000002980232,0.400000005960464,0.600000023841858,1],"pocket_color2":[0.150000005960464,0.300000011920929,0.449999988079071,1],"shoes_color":[0.300000011920929,0.300000011920929,0.300000011920929,1],"shoes_light":[0.699999988079071,0.699999988079071,0.699999988079071,1],"shoes_shadow":[0.100000001490116,0.100000001490116,0.100000001490116,1],"skin_color":[1,0.800000011920929,0.600000023841858,1],"skin_shadow":[0.899999976158142,0.600000023841858,0.400000005960464,1],"tshirt_color":[1,1,1,1],"tshirt_shadow":[0.800000011920929,0.800000011920929,0.800000011920929,1]},"settings":{"fullscreen":false,"keybinds":{"use_amulet_1":"1","use_amulet_2":"2","use_amulet_3":"3","use_amulet_4":"4","use_amulet_5":"5"},"master_volume":49,"music_volume":100,"sfx_volume":25}}